Data,Ostatnio,Otwarcie,Max.,Min.,Wol.,Zmiana%
17.02.2020,"42,573","42,500","42,653","42,439",,"0,20%"
18.02.2020,"42,663","42,589","42,787","42,566",,"0,21%"
19.02.2020,"42,649","42,684","42,765","42,641",,"-0,03%"
20.02.2020,"42,758","42,688","42,877","42,654",,"0,26%"
21.02.2020,"42,855","42,786","42,972","42,750",,"0,23%"
24.02.2020,"43,035","42,863","43,091","42,767",,"0,42%"
25.02.2020,"43,034","43,059","43,100","42,876",,"0,00%"
26.02.2020,"43,146","43,058","43,182","43,015",,"0,26%"
27.02.2020,"43,202","43,154","43,268","43,033",,"0,13%"
28.02.2020,"43,265","43,231","43,411","43,200",,"0,15%"
02.03.2020,"43,144","43,196","43,386","43,071",,"-0,28%"
03.03.2020,"43,061","43,166","43,372","42,927",,"-0,19%"
04.03.2020,"42,851","43,067","43,130","42,852",,"-0,49%"
05.03.2020,"43,044","42,888","43,106","42,855",,"0,45%"
06.03.2020,"42,963","43,081","43,218","42,864",,"-0,19%"
09.03.2020,"43,246","43,001","43,379","42,951",,"0,66%"
10.03.2020,"43,086","43,257","43,342","43,014",,"-0,37%"
11.03.2020,"43,216","43,120","43,326","43,025",,"0,30%"
12.03.2020,"43,769","43,266","43,988","43,207",,"1,28%"
13.03.2020,"43,754","43,780","43,932","43,478",,"-0,03%"
16.03.2020,"44,469","43,681","44,543","43,525",,"1,63%"
17.03.2020,"44,691","44,492","44,999","44,307",,"0,50%"
18.03.2020,"45,005","44,711","45,518","44,580",,"0,70%"
19.03.2020,"45,779","45,030","46,220","44,858",,"1,72%"
20.03.2020,"45,381","45,792","45,882","45,062",,"-0,87%"
23.03.2020,"46,049","45,381","46,384","45,128",,"1,47%"
24.03.2020,"46,014","46,076","46,371","45,724",,"-0,08%"
25.03.2020,"45,642","46,039","46,115","45,428",,"-0,81%"
26.03.2020,"45,140","45,648","46,004","45,089",,"-1,10%"
27.03.2020,"45,370","45,154","45,477","45,117",,"0,51%"
30.03.2020,"45,380","45,364","45,683","45,272",,"0,02%"
31.03.2020,"45,575","45,390","45,793","45,275",,"0,43%"
01.04.2020,"45,989","45,588","46,063","45,540",,"0,91%"
02.04.2020,"45,640","46,040","46,083","45,564",,"-0,76%"
03.04.2020,"45,793","45,740","45,933","45,559",,"0,34%"
06.04.2020,"45,556","45,866","45,946","45,416",,"-0,52%"
07.04.2020,"45,206","45,626","45,681","45,137",,"-0,77%"
08.04.2020,"45,272","45,286","45,495","45,209",,"0,15%"
09.04.2020,"45,428","45,297","45,638","45,168",,"0,34%"
10.04.2020,"45,460","45,472","45,603","45,394",,"0,07%"
13.04.2020,"45,583","45,553","45,770","45,451",,"0,27%"
14.04.2020,"45,126","45,620","45,661","45,135",,"-1,00%"
15.04.2020,"45,322","45,187","45,486","45,132",,"0,43%"
16.04.2020,"45,405","45,376","45,545","45,252",,"0,18%"
17.04.2020,"45,099","45,436","45,483","45,120",,"-0,67%"
20.04.2020,"45,190","45,181","45,338","45,099",,"0,20%"
21.04.2020,"45,298","45,227","45,439","45,181",,"0,24%"
22.04.2020,"45,433","45,339","45,604","45,229",,"0,30%"
23.04.2020,"45,389","45,486","45,595","45,306",,"-0,10%"
24.04.2020,"45,258","45,422","45,491","45,191",,"-0,29%"
27.04.2020,"45,331","45,287","45,445","45,135",,"0,16%"
28.04.2020,"45,486","45,368","45,550","45,292",,"0,34%"
29.04.2020,"45,405","45,495","45,552","45,342",,"-0,18%"
30.04.2020,"45,458","45,453","45,560","45,281",,"0,12%"
01.05.2020,"45,580","45,483","45,736","45,403",,"0,27%"
04.05.2020,"45,483","45,642","45,740","45,456",,"-0,21%"
05.05.2020,"45,325","45,490","45,563","45,286",,"-0,35%"
06.05.2020,"45,457","45,380","45,595","45,254",,"0,29%"
07.05.2020,"45,537","45,484","45,655","45,409",,"0,18%"
08.05.2020,"45,434","45,570","45,635","45,431",,"-0,23%"
11.05.2020,"45,542","45,500","45,670","45,381",,"0,24%"
12.05.2020,"45,615","45,581","45,680","45,420",,"0,16%"
13.05.2020,"45,624","45,652","45,747","45,564",,"0,02%"
14.05.2020,"45,569","45,668","45,749","45,552",,"-0,12%"
15.05.2020,"45,610","45,598","45,750","45,514",,"0,09%"
18.05.2020,"45,574","45,665","45,731","45,552",,"-0,08%"
19.05.2020,"45,456","45,616","45,706","45,401",,"-0,26%"
20.05.2020,"45,320","45,492","45,588","45,283",,"-0,30%"
21.05.2020,"45,099","45,346","45,439","45,101",,"-0,49%"
22.05.2020,"45,072","45,128","45,296","45,086",,"-0,06%"
25.05.2020,"44,991","45,137","45,203","44,963",,"-0,18%"
26.05.2020,"44,378","45,019","45,055","44,253",,"-1,36%"
27.05.2020,"44,251","44,418","44,482","44,052",,"-0,29%"
28.05.2020,"44,529","44,268","44,565","44,128",,"0,63%"
29.05.2020,"44,430","44,544","44,632","44,384",,"-0,22%"
01.06.2020,"43,997","44,453","44,575","43,983",,"-0,97%"
02.06.2020,"43,833","44,035","44,127","43,803",,"-0,37%"
03.06.2020,"44,044","43,856","44,215","43,698",,"0,48%"
04.06.2020,"44,327","44,098","44,580","44,061",,"0,64%"
05.06.2020,"44,287","44,371","44,616","44,207",,"-0,09%"
08.06.2020,"44,184","44,354","44,545","44,191",,"-0,23%"
09.06.2020,"44,415","44,224","44,559","44,195",,"0,52%"
10.06.2020,"44,451","44,472","44,714","44,380",,"0,08%"
11.06.2020,"44,666","44,503","44,848","44,434",,"0,48%"
12.06.2020,"44,378","44,760","44,805","44,383",,"-0,64%"
15.06.2020,"44,149","44,415","44,649","44,142",,"-0,52%"
16.06.2020,"44,432","44,170","44,556","44,085",,"0,64%"
17.06.2020,"44,601","44,483","44,763","44,376",,"0,38%"
18.06.2020,"44,448","44,647","44,701","44,458",,"-0,34%"
19.06.2020,"44,578","44,508","44,727","44,411",,"0,29%"
22.06.2020,"44,390","44,669","44,729","44,353",,"-0,42%"
23.06.2020,"44,422","44,424","44,556","44,298",,"0,07%"
24.06.2020,"44,544","44,475","44,622","44,408",,"0,27%"
25.06.2020,"44,505","44,566","44,743","44,461",,"-0,09%"
26.06.2020,"44,628","44,549","44,757","44,481",,"0,28%"
29.06.2020,"44,531","44,720","44,749","44,536",,"-0,22%"
30.06.2020,"44,406","44,566","44,731","44,363",,"-0,28%"
01.07.2020,"44,714","44,443","44,822","44,336",,"0,69%"
02.07.2020,"44,597","44,750","44,811","44,589",,"-0,26%"
03.07.2020,"44,589","44,626","44,743","44,548",,"-0,02%"
06.07.2020,"44,625","44,608","44,757","44,568",,"0,08%"
07.07.2020,"44,708","44,649","44,807","44,601",,"0,19%"
08.07.2020,"44,733","44,759","44,883","44,685",,"0,06%"
09.07.2020,"44,652","44,752","44,804","44,605",,"-0,18%"
10.07.2020,"44,598","44,707","44,819","44,612",,"-0,12%"
13.07.2020,"44,894","44,655","44,964","44,586",,"0,66%"
14.07.2020,"44,710","44,920","44,991","44,689",,"-0,41%"
15.07.2020,"44,749","44,738","44,823","44,657",,"0,09%"
16.07.2020,"44,801","44,774","44,972","44,718",,"0,12%"
17.07.2020,"44,727","44,843","44,896","44,725",,"-0,17%"
20.07.2020,"44,524","44,745","44,882","44,519",,"-0,45%"
21.07.2020,"44,296","44,560","44,616","44,259",,"-0,51%"
22.07.2020,"44,194","44,335","44,505","44,144",,"-0,23%"
23.07.2020,"44,069","44,239","44,257","43,992",,"-0,28%"
24.07.2020,"44,012","44,099","44,211","43,988",,"-0,13%"
27.07.2020,"43,890","44,011","44,143","43,882",,"-0,28%"
28.07.2020,"44,075","43,896","44,177","43,868",,"0,42%"
29.07.2020,"44,014","44,123","44,292","44,040",,"-0,14%"
30.07.2020,"44,059","44,042","44,222","43,983",,"0,10%"
31.07.2020,"44,080","44,109","44,220","43,986",,"0,05%"
03.08.2020,"44,094","44,165","44,281","44,057",,"0,03%"
04.08.2020,"43,936","44,125","44,173","43,930",,"-0,36%"
05.08.2020,"44,014","43,955","44,071","43,891",,"0,18%"
06.08.2020,"44,144","44,044","44,219","43,934",,"0,30%"
07.08.2020,"44,091","44,163","44,282","44,003",,"-0,12%"
10.08.2020,"43,945","44,134","44,177","43,955",,"-0,33%"
11.08.2020,"44,032","43,995","44,126","43,928",,"0,20%"
12.08.2020,"43,980","44,061","44,152","43,945",,"-0,12%"
13.08.2020,"43,941","44,027","44,085","43,927",,"-0,09%"
14.08.2020,"43,923","44,000","44,063","43,887",,"-0,04%"
17.08.2020,"43,962","43,956","44,058","43,829",,"0,09%"
18.08.2020,"43,745","43,983","44,060","43,734",,"-0,49%"
19.08.2020,"43,967","43,764","44,146","43,716",,"0,51%"
20.08.2020,"43,802","44,011","44,103","43,787",,"-0,38%"
21.08.2020,"44,116","43,841","44,206","43,770",,"0,72%"
24.08.2020,"43,930","44,168","44,203","43,880",,"-0,42%"
25.08.2020,"43,990","43,959","44,050","43,845",,"0,14%"
26.08.2020,"44,122","44,013","44,254","43,916",,"0,30%"
27.08.2020,"44,064","44,148","44,240","43,927",,"-0,13%"
28.08.2020,"43,847","44,113","44,177","43,814",,"-0,49%"
31.08.2020,"43,942","43,858","44,047","43,822",,"0,22%"
01.09.2020,"43,866","43,973","44,017","43,829",,"-0,17%"
02.09.2020,"44,081","43,885","44,241","43,835",,"0,49%"
03.09.2020,"44,333","44,110","44,468","44,078",,"0,57%"
04.09.2020,"44,515","44,378","44,730","44,309",,"0,41%"
07.09.2020,"44,326","44,541","44,704","44,303",,"-0,42%"
08.09.2020,"44,506","44,376","44,631","44,299",,"0,41%"
09.09.2020,"44,396","44,576","44,626","44,376",,"-0,25%"
10.09.2020,"44,505","44,421","44,673","44,363",,"0,25%"
11.09.2020,"44,425","44,539","44,611","44,391",,"-0,18%"
14.09.2020,"44,444","44,481","44,568","44,377",,"0,04%"
15.09.2020,"44,523","44,488","44,602","44,338",,"0,18%"
16.09.2020,"44,471","44,586","44,598","44,427",,"-0,12%"
17.09.2020,"44,497","44,502","44,626","44,451",,"0,06%"
18.09.2020,"44,550","44,542","44,662","44,461",,"0,12%"
21.09.2020,"44,914","44,639","45,025","44,467",,"0,82%"
22.09.2020,"44,822","44,956","45,168","44,778",,"-0,20%"
23.09.2020,"45,130","44,892","45,202","44,784",,"0,69%"
24.09.2020,"45,529","45,164","45,647","45,065",,"0,88%"
25.09.2020,"45,456","45,550","45,637","45,419",,"-0,16%"
28.09.2020,"45,821","45,528","45,921","45,406",,"0,80%"
29.09.2020,"45,231","45,868","45,997","45,109",,"-1,29%"
30.09.2020,"45,282","45,272","45,501","45,199",,"0,11%"
01.10.2020,"44,785","45,321","45,352","44,731",,"-1,10%"
02.10.2020,"44,993","44,823","45,107","44,752",,"0,46%"
05.10.2020,"44,920","45,031","45,095","44,795",,"-0,16%"
06.10.2020,"44,862","44,948","45,032","44,728",,"-0,13%"
07.10.2020,"44,790","44,903","44,967","44,717",,"-0,16%"
08.10.2020,"44,867","44,829","44,950","44,732",,"0,17%"
09.10.2020,"44,642","44,897","44,960","44,567",,"-0,50%"
12.10.2020,"44,524","44,662","44,920","44,534",,"-0,26%"
13.10.2020,"44,922","44,571","44,999","44,528",,"0,89%"
14.10.2020,"45,130","44,958","45,217","44,833",,"0,46%"
15.10.2020,"45,467","45,155","45,628","45,075",,"0,75%"
16.10.2020,"45,422","45,523","45,831","45,325",,"-0,10%"
19.10.2020,"45,687","45,481","45,795","45,344",,"0,58%"
20.10.2020,"45,578","45,735","45,923","45,588",,"-0,24%"
21.10.2020,"45,614","45,633","45,961","45,517",,"0,08%"
22.10.2020,"45,731","45,701","45,936","45,634",,"0,26%"
23.10.2020,"45,644","45,762","45,923","45,648",,"-0,19%"
26.10.2020,"45,737","45,670","45,884","45,596",,"0,20%"
27.10.2020,"45,854","45,785","45,948","45,738",,"0,26%"
28.10.2020,"46,299","45,889","46,371","45,799",,"0,97%"
29.10.2020,"46,221","46,333","46,489","46,061",,"-0,17%"
30.10.2020,"46,034","46,248","46,353","46,008",,"-0,40%"
02.11.2020,"45,980","46,118","46,202","45,893",,"-0,12%"
03.11.2020,"45,360","46,025","46,077","45,299",,"-1,35%"
04.11.2020,"45,380","45,410","46,045","45,231",,"0,04%"
05.11.2020,"45,251","45,440","45,496","45,050",,"-0,28%"
06.11.2020,"44,998","45,265","45,442","44,992",,"-0,56%"
09.11.2020,"44,833","45,056","45,123","44,588",,"-0,37%"
10.11.2020,"44,939","44,848","45,138","44,727",,"0,24%"
11.11.2020,"44,795","44,948","45,107","44,760",,"-0,32%"
12.11.2020,"44,880","44,837","44,974","44,759",,"0,19%"
13.11.2020,"44,785","44,901","45,050","44,785",,"-0,21%"
16.11.2020,"44,689","44,797","44,980","44,584",,"-0,21%"
17.11.2020,"44,851","44,730","45,051","44,648",,"0,36%"
18.11.2020,"44,633","44,901","44,953","44,635",,"-0,49%"
19.11.2020,"44,623","44,667","44,858","44,605",,"-0,02%"
20.11.2020,"44,637","44,672","44,792","44,580",,"0,03%"
23.11.2020,"44,681","44,685","44,858","44,598",,"0,10%"
24.11.2020,"44,566","44,710","44,764","44,580",,"-0,26%"
25.11.2020,"44,611","44,613","44,784","44,583",,"0,10%"
26.11.2020,"44,712","44,658","44,811","44,607",,"0,23%"
27.11.2020,"44,751","44,752","44,962","44,722",,"0,09%"
30.11.2020,"44,768","44,823","44,945","44,670",,"0,04%"
01.12.2020,"44,425","44,811","44,861","44,426",,"-0,77%"
02.12.2020,"44,688","44,482","44,936","44,427",,"0,59%"
03.12.2020,"44,628","44,760","44,896","44,625",,"-0,13%"
04.12.2020,"44,653","44,693","44,833","44,627",,"0,06%"
07.12.2020,"44,669","44,719","44,837","44,595",,"0,04%"
08.12.2020,"44,447","44,712","44,903","44,447",,"-0,50%"
09.12.2020,"44,308","44,488","44,552","44,160",,"-0,31%"
10.12.2020,"44,198","44,352","44,387","44,180",,"-0,25%"
11.12.2020,"44,433","44,261","44,545","44,215",,"0,53%"
14.12.2020,"44,330","44,551","44,660","44,278",,"-0,23%"
15.12.2020,"44,369","44,380","44,523","44,304",,"0,09%"
16.12.2020,"44,308","44,412","44,499","44,267",,"-0,14%"
17.12.2020,"44,353","44,363","44,471","44,270",,"0,10%"
18.12.2020,"44,661","44,402","45,156","44,342",,"0,69%"
21.12.2020,"44,858","44,675","45,286","44,563",,"0,44%"
22.12.2020,"45,026","44,923","45,175","44,877",,"0,37%"
23.12.2020,"44,981","45,059","45,174","44,892",,"-0,10%"
24.12.2020,"44,983","45,044","45,131","44,942",,"0,00%"
25.12.2020,"45,079","45,057","45,251","44,951",,"0,21%"
28.12.2020,"44,929","45,121","45,195","44,798",,"-0,33%"
29.12.2020,"45,324","44,981","45,726","44,767",,"0,88%"
30.12.2020,"45,737","45,363","46,062","45,132",,"0,91%"
31.12.2020,"45,519","45,819","46,242","45,451",,"-0,48%"
01.01.2021,"45,357","45,605","45,698","45,361",,"-0,36%"
04.01.2021,"45,503","45,754","45,811","45,249",,"0,32%"
05.01.2021,"45,280","45,550","45,639","45,276",,"-0,49%"
06.01.2021,"45,192","45,326","45,422","45,064",,"-0,19%"
07.01.2021,"45,144","45,248","45,322","44,939",,"-0,11%"
08.01.2021,"45,067","45,196","45,309","45,061",,"-0,17%"
11.01.2021,"45,231","45,104","45,357","45,060",,"0,36%"
12.01.2021,"45,168","45,286","45,342","45,157",,"-0,14%"
13.01.2021,"45,354","45,217","45,473","45,171",,"0,41%"
14.01.2021,"45,382","45,402","45,546","45,321",,"0,06%"
15.01.2021,"45,326","45,422","45,523","45,340",,"-0,12%"
18.01.2021,"45,322","45,432","45,518","45,266",,"-0,01%"
19.01.2021,"45,310","45,384","45,438","45,245",,"-0,03%"
20.01.2021,"45,277","45,346","45,498","45,213",,"-0,07%"
21.01.2021,"45,252","45,350","45,401","45,251",,"-0,06%"
22.01.2021,"45,344","45,305","45,479","45,265",,"0,20%"
25.01.2021,"45,356","45,384","45,473","45,312",,"0,03%"
26.01.2021,"45,415","45,391","45,565","45,360",,"0,13%"
27.01.2021,"45,457","45,459","45,591","45,404",,"0,09%"
28.01.2021,"45,388","45,482","45,634","45,360",,"-0,15%"
29.01.2021,"45,169","45,416","45,479","45,152",,"-0,48%"
01.02.2021,"45,068","45,231","45,278","44,987",,"-0,22%"
02.02.2021,"44,791","45,105","45,178","44,721",,"-0,61%"
03.02.2021,"44,840","44,818","44,974","44,713",,"0,11%"
04.02.2021,"44,977","44,868","45,068","44,807",,"0,31%"
05.02.2021,"44,765","45,013","45,076","44,802",,"-0,47%"
08.02.2021,"44,725","44,812","44,962","44,722",,"-0,09%"
09.02.2021,"44,719","44,756","44,868","44,712",,"-0,01%"
10.02.2021,"44,879","44,749","44,981","44,697",,"0,36%"
11.02.2021,"44,990","44,917","45,096","44,876",,"0,25%"
12.02.2021,"44,909","45,029","45,114","44,927",,"-0,18%"
15.02.2021,"44,802","44,984","45,024","44,787",,"-0,24%"
16.02.2021,"44,928","44,847","45,023","44,805",,"0,28%"
17.02.2021,"44,880","44,965","45,083","44,885",,"-0,11%"
18.02.2021,"44,849","44,905","45,020","44,777",,"-0,07%"
19.02.2021,"44,811","44,891","44,949","44,777",,"-0,08%"
22.02.2021,"44,919","44,847","45,047","44,791",,"0,24%"
23.02.2021,"45,036","44,960","45,121","44,877",,"0,26%"
24.02.2021,"45,007","45,068","45,291","45,029",,"-0,06%"
25.02.2021,"45,186","45,051","45,285","45,013",,"0,40%"
26.02.2021,"45,147","45,226","45,315","45,061",,"-0,09%"
01.03.2021,"45,300","45,240","45,392","45,086",,"0,34%"
02.03.2021,"45,385","45,333","45,459","45,265",,"0,19%"
03.03.2021,"45,432","45,416","45,550","45,300",,"0,10%"
04.03.2021,"45,586","45,464","45,708","45,384",,"0,34%"
05.03.2021,"45,832","45,627","46,016","45,590",,"0,54%"
08.03.2021,"45,939","45,905","46,055","45,802",,"0,23%"
09.03.2021,"45,637","45,974","46,020","45,596",,"-0,66%"
10.03.2021,"45,681","45,672","45,814","45,610",,"0,10%"
11.03.2021,"45,816","45,729","45,925","45,613",,"0,30%"
12.03.2021,"45,805","45,839","45,999","45,773",,"-0,02%"
15.03.2021,"45,852","45,823","45,956","45,759",,"0,10%"
16.03.2021,"45,928","45,873","46,007","45,851",,"0,17%"
17.03.2021,"45,928","45,960","46,224","45,930",,"0,00%"
18.03.2021,"46,163","45,969","46,311","45,925",,"0,51%"
19.03.2021,"46,105","46,210","46,289","46,101",,"-0,13%"
22.03.2021,"45,922","46,126","46,273","45,914",,"-0,40%"
23.03.2021,"46,155","45,967","46,237","45,872",,"0,51%"
24.03.2021,"46,251","46,195","46,387","46,118",,"0,21%"
25.03.2021,"46,322","46,286","46,483","46,231",,"0,15%"
26.03.2021,"46,337","46,360","46,521","46,245",,"0,03%"
29.03.2021,"46,586","46,423","46,744","46,264",,"0,54%"
30.03.2021,"46,534","46,630","46,790","46,424",,"-0,11%"
31.03.2021,"46,268","46,577","46,708","46,285",,"-0,57%"
01.04.2021,"45,844","46,312","46,407","45,844",,"-0,92%"
02.04.2021,"45,920","45,878","46,114","45,772",,"0,17%"
05.04.2021,"45,829","45,953","46,121","45,814",,"-0,20%"
06.04.2021,"45,909","45,897","46,080","45,839",,"0,17%"
07.04.2021,"45,702","45,939","46,055","45,623",,"-0,45%"
08.04.2021,"45,391","45,753","45,798","45,391",,"-0,68%"
09.04.2021,"45,264","45,434","45,559","45,245",,"-0,28%"
12.04.2021,"45,278","45,309","45,399","45,199",,"0,03%"
13.04.2021,"45,590","45,331","45,760","45,249",,"0,69%"
14.04.2021,"45,502","45,633","45,698","45,489",,"-0,19%"
15.04.2021,"45,468","45,543","45,639","45,469",,"-0,07%"
16.04.2021,"45,378","45,514","45,597","45,382",,"-0,20%"
19.04.2021,"45,482","45,434","45,576","45,375",,"0,23%"
20.04.2021,"45,470","45,529","45,609","45,457",,"-0,03%"
21.04.2021,"45,503","45,521","45,648","45,460",,"0,07%"
22.04.2021,"45,590","45,552","45,693","45,504",,"0,19%"
23.04.2021,"45,512","45,637","45,725","45,515",,"-0,17%"
26.04.2021,"45,523","45,585","45,677","45,478",,"0,02%"
27.04.2021,"45,667","45,561","45,759","45,516",,"0,32%"
28.04.2021,"45,735","45,711","45,961","45,651",,"0,15%"
29.04.2021,"45,639","45,781","45,900","45,622",,"-0,21%"
30.04.2021,"45,542","45,680","45,764","45,475",,"-0,21%"
03.05.2021,"45,402","45,581","45,666","45,390",,"-0,31%"
04.05.2021,"45,536","45,460","45,678","45,367",,"0,30%"
05.05.2021,"45,679","45,578","45,849","45,507",,"0,31%"
06.05.2021,"45,659","45,722","45,938","45,655",,"-0,04%"
07.05.2021,"45,476","45,700","45,941","45,477",,"-0,40%"
10.05.2021,"45,567","45,518","45,805","45,464",,"0,20%"
11.05.2021,"45,450","45,605","45,736","45,378",,"-0,26%"
12.05.2021,"45,504","45,520","45,605","45,317",,"0,12%"
13.05.2021,"45,231","45,548","45,589","45,205",,"-0,60%"
14.05.2021,"45,253","45,276","45,410","45,180",,"0,05%"
17.05.2021,"45,248","45,307","45,474","45,170",,"-0,01%"
18.05.2021,"45,160","45,275","45,384","45,153",,"-0,19%"
19.05.2021,"45,178","45,216","45,353","45,141",,"0,04%"
20.05.2021,"44,891","45,217","45,297","44,886",,"-0,64%"
21.05.2021,"44,908","44,934","45,069","44,842",,"0,04%"
24.05.2021,"44,786","44,963","44,998","44,783",,"-0,27%"
25.05.2021,"44,803","44,815","44,911","44,774",,"0,04%"
26.05.2021,"44,937","44,837","45,050","44,779",,"0,30%"
27.05.2021,"44,874","44,991","45,058","44,798",,"-0,14%"
28.05.2021,"44,806","44,897","44,970","44,791",,"-0,15%"
31.05.2021,"44,717","44,837","44,918","44,749",,"-0,20%"
01.06.2021,"44,545","44,784","44,846","44,563",,"-0,38%"
02.06.2021,"44,537","44,594","44,735","44,537",,"-0,02%"
03.06.2021,"44,569","44,576","44,678","44,471",,"0,07%"
04.06.2021,"44,545","44,620","44,777","44,522",,"-0,05%"
07.06.2021,"44,621","44,602","44,750","44,517",,"0,17%"
08.06.2021,"44,592","44,689","44,766","44,601",,"-0,06%"
09.06.2021,"44,702","44,627","44,798","44,493",,"0,25%"
10.06.2021,"44,624","44,748","44,893","44,647",,"-0,17%"
11.06.2021,"44,946","44,694","45,053","44,647",,"0,72%"
14.06.2021,"45,073","45,018","45,244","44,866",,"0,28%"
15.06.2021,"45,235","45,133","45,367","45,116",,"0,36%"
16.06.2021,"45,221","45,290","45,356","44,988",,"-0,03%"
17.06.2021,"45,556","45,272","45,627","45,194",,"0,74%"
18.06.2021,"45,432","45,598","45,658","45,395",,"-0,27%"
21.06.2021,"45,226","45,537","45,598","45,238",,"-0,45%"
22.06.2021,"45,091","45,269","45,467","45,115",,"-0,30%"
23.06.2021,"45,294","45,138","45,434","45,066",,"0,45%"
24.06.2021,"45,136","45,342","45,427","45,113",,"-0,35%"
25.06.2021,"45,110","45,183","45,251","45,033",,"-0,06%"
28.06.2021,"44,974","45,146","45,209","44,984",,"-0,30%"
29.06.2021,"45,155","45,022","45,276","44,942",,"0,40%"
30.06.2021,"45,159","45,198","45,304","45,064",,"0,01%"
01.07.2021,"45,130","45,219","45,283","45,033",,"-0,06%"
02.07.2021,"45,036","45,171","45,371","45,051",,"-0,21%"
05.07.2021,"44,944","45,093","45,209","44,951",,"-0,20%"
06.07.2021,"45,076","45,021","45,178","44,905",,"0,29%"
07.07.2021,"45,271","45,134","45,416","45,083",,"0,43%"
08.07.2021,"45,360","45,343","45,564","45,212",,"0,20%"
09.07.2021,"45,425","45,434","45,545","45,347",,"0,14%"
12.07.2021,"45,484","45,446","45,623","45,335",,"0,13%"
13.07.2021,"45,728","45,540","45,845","45,477",,"0,54%"
14.07.2021,"45,590","45,781","45,972","45,610",,"-0,30%"
15.07.2021,"45,781","45,642","45,907","45,617",,"0,42%"
16.07.2021,"45,788","45,833","45,943","45,735",,"0,02%"
19.07.2021,"45,915","45,853","46,026","45,762",,"0,28%"
20.07.2021,"45,864","45,968","46,044","45,860",,"-0,11%"
21.07.2021,"45,715","45,931","46,038","45,729",,"-0,32%"
22.07.2021,"45,606","45,771","45,861","45,578",,"-0,24%"
23.07.2021,"45,675","45,646","45,786","45,585",,"0,15%"
26.07.2021,"45,880","45,750","45,982","45,716",,"0,45%"
27.07.2021,"45,947","45,939","46,024","45,838",,"0,15%"
28.07.2021,"45,920","45,982","46,062","45,894",,"-0,06%"
29.07.2021,"45,666","45,978","46,006","45,670",,"-0,55%"
30.07.2021,"45,629","45,710","45,811","45,578",,"-0,08%"
02.08.2021,"45,532","45,663","45,742","45,499",,"-0,21%"
03.08.2021,"45,475","45,582","45,658","45,449",,"-0,13%"
04.08.2021,"45,406","45,539","45,585","45,325",,"-0,15%"
05.08.2021,"45,409","45,459","45,652","45,382",,"0,01%"
06.08.2021,"45,723","45,462","45,798","45,376",,"0,69%"
09.08.2021,"45,618","45,739","45,818","45,613",,"-0,23%"
10.08.2021,"45,720","45,655","45,847","45,560",,"0,22%"
11.08.2021,"45,753","45,770","45,931","45,711",,"0,07%"
12.08.2021,"45,711","45,805","45,980","45,714",,"-0,09%"
13.08.2021,"45,617","45,765","45,839","45,622",,"-0,21%"
16.08.2021,"45,576","45,675","45,712","45,570",,"-0,09%"
17.08.2021,"45,609","45,609","45,752","45,564",,"0,07%"
18.08.2021,"45,525","45,645","45,690","45,497",,"-0,18%"
19.08.2021,"45,790","45,558","45,939","45,519",,"0,58%"
20.08.2021,"45,775","45,844","45,963","45,767",,"-0,03%"
23.08.2021,"45,789","45,853","45,953","45,723",,"0,03%"
24.08.2021,"45,686","45,831","45,917","45,699",,"-0,22%"
25.08.2021,"45,696","45,735","45,819","45,645",,"0,02%"
26.08.2021,"45,719","45,734","45,824","45,665",,"0,05%"
27.08.2021,"45,707","45,752","45,877","45,644",,"-0,03%"
30.08.2021,"45,561","45,756","45,837","45,563",,"-0,32%"
31.08.2021,"45,189","45,609","45,698","45,142",,"-0,82%"
01.09.2021,"45,022","45,234","45,311","44,998",,"-0,37%"
02.09.2021,"45,090","45,078","45,191","45,025",,"0,15%"
03.09.2021,"45,033","45,134","45,222","45,017",,"-0,13%"
06.09.2021,"45,183","45,079","45,307","45,016",,"0,33%"
07.09.2021,"45,057","45,236","45,319","45,052",,"-0,28%"
08.09.2021,"45,137","45,104","45,258","45,061",,"0,18%"
09.09.2021,"45,409","45,188","45,502","45,129",,"0,60%"
10.09.2021,"45,410","45,455","45,521","45,363",,"0,00%"
13.09.2021,"45,455","45,443","45,568","45,336",,"0,10%"
14.09.2021,"45,429","45,504","45,616","45,426",,"-0,06%"
15.09.2021,"45,600","45,481","45,708","45,416",,"0,38%"
16.09.2021,"45,703","45,651","45,845","45,569",,"0,23%"
17.09.2021,"45,860","45,743","45,976","45,689",,"0,34%"
20.09.2021,"46,008","45,918","46,132","45,840",,"0,32%"
21.09.2021,"46,155","46,051","46,311","45,974",,"0,32%"
22.09.2021,"46,171","46,206","46,354","46,122",,"0,03%"
23.09.2021,"46,087","46,216","46,304","45,985",,"-0,18%"
24.09.2021,"45,961","46,128","46,231","45,999",,"-0,27%"
27.09.2021,"45,920","46,044","46,151","45,880",,"-0,09%"
28.09.2021,"46,310","45,975","46,458","45,940",,"0,85%"
29.09.2021,"46,294","46,353","46,413","46,233",,"-0,03%"
30.09.2021,"46,050","46,335","46,493","45,882",,"-0,53%"
01.10.2021,"45,734","46,089","46,179","45,723",,"-0,69%"
04.10.2021,"45,912","45,774","46,021","45,616",,"0,39%"
05.10.2021,"46,013","45,967","46,256","45,792",,"0,22%"
06.10.2021,"45,447","46,076","46,336","45,447",,"-1,23%"
07.10.2021,"45,787","45,490","45,863","45,378",,"0,75%"
08.10.2021,"45,953","45,837","46,257","45,774",,"0,36%"
11.10.2021,"45,855","46,045","46,190","45,802",,"-0,21%"
12.10.2021,"45,763","45,897","45,960","45,725",,"-0,20%"
13.10.2021,"45,681","45,814","45,894","45,685",,"-0,18%"
14.10.2021,"45,632","45,730","45,866","45,616",,"-0,11%"
15.10.2021,"45,651","45,694","45,817","45,587",,"0,04%"
18.10.2021,"45,832","45,690","45,932","45,575",,"0,40%"
19.10.2021,"45,717","45,879","45,923","45,683",,"-0,25%"
20.10.2021,"45,772","45,789","46,019","45,746",,"0,12%"
21.10.2021,"45,974","45,816","46,127","45,785",,"0,44%"
22.10.2021,"46,001","46,033","46,115","45,934",,"0,06%"
25.10.2021,"46,096","46,050","46,232","45,917",,"0,21%"
26.10.2021,"46,037","46,129","46,227","45,956",,"-0,13%"
27.10.2021,"46,172","46,094","46,296","46,045",,"0,29%"
28.10.2021,"46,209","46,222","46,349","46,104",,"0,08%"
29.10.2021,"46,056","46,256","46,338","46,068",,"-0,33%"
01.11.2021,"46,113","46,125","46,269","46,056",,"0,12%"
02.11.2021,"46,030","46,172","46,283","45,995",,"-0,18%"
03.11.2021,"45,775","46,087","46,140","45,718",,"-0,55%"
04.11.2021,"45,921","45,818","46,119","45,768",,"0,32%"
05.11.2021,"45,944","46,027","46,304","45,900",,"0,05%"
08.11.2021,"45,880","46,009","46,063","45,845",,"-0,14%"
09.11.2021,"45,853","45,933","46,021","45,827",,"-0,06%"
10.11.2021,"46,055","45,912","46,244","45,871",,"0,44%"
11.11.2021,"46,320","46,117","46,411","46,034",,"0,58%"
12.11.2021,"46,345","46,354","46,530","46,266",,"0,05%"
15.11.2021,"46,361","46,435","46,518","46,213",,"0,03%"
16.11.2021,"46,510","46,408","46,695","46,354",,"0,32%"
17.11.2021,"46,578","46,557","46,657","46,441",,"0,15%"
18.11.2021,"46,646","46,617","46,774","46,472",,"0,15%"
19.11.2021,"46,937","46,695","47,049","46,599",,"0,62%"
22.11.2021,"47,009","46,982","47,269","46,809",,"0,15%"
23.11.2021,"46,975","47,063","47,305","46,919",,"-0,07%"
24.11.2021,"46,720","47,026","47,082","46,693",,"-0,54%"
25.11.2021,"46,675","46,777","46,867","46,627",,"-0,10%"
26.11.2021,"47,026","46,751","47,274","46,733",,"0,75%"
29.11.2021,"46,750","47,050","47,151","46,745",,"-0,59%"
30.11.2021,"46,518","46,805","46,913","46,486",,"-0,50%"
01.12.2021,"46,175","46,575","46,624","46,070",,"-0,74%"
02.12.2021,"45,929","46,225","46,293","45,863",,"-0,53%"
03.12.2021,"45,941","45,986","46,242","45,827",,"0,03%"
06.12.2021,"45,876","46,013","46,063","45,837",,"-0,14%"
07.12.2021,"45,774","45,948","46,047","45,786",,"-0,22%"
08.12.2021,"46,073","45,828","46,231","45,774",,"0,65%"
09.12.2021,"45,969","46,118","46,269","45,960",,"-0,23%"
10.12.2021,"46,108","46,028","46,273","45,998",,"0,30%"
13.12.2021,"46,345","46,167","46,434","46,040",,"0,51%"
14.12.2021,"46,228","46,382","46,483","46,197",,"-0,25%"
15.12.2021,"46,140","46,275","46,382","46,112",,"-0,19%"
16.12.2021,"46,275","46,186","46,430","46,165",,"0,29%"
17.12.2021,"46,262","46,322","46,430","46,224",,"-0,03%"
20.12.2021,"46,214","46,328","46,464","46,209",,"-0,10%"
21.12.2021,"46,153","46,287","46,397","46,166",,"-0,13%"
22.12.2021,"46,279","46,179","46,393","46,133",,"0,27%"
23.12.2021,"46,266","46,332","46,413","46,205",,"-0,03%"
24.12.2021,"46,134","46,330","46,374","46,103",,"-0,29%"
27.12.2021,"45,971","46,202","46,318","45,952",,"-0,35%"
28.12.2021,"45,960","46,032","46,135","45,907",,"-0,02%"
29.12.2021,"45,909","46,024","46,083","45,907",,"-0,11%"
30.12.2021,"45,842","45,965","46,069","45,855",,"-0,15%"
31.12.2021,"45,830","45,896","46,045","45,813",,"-0,03%"
03.01.2022,"45,733","45,873","46,006","45,715",,"-0,21%"
04.01.2022,"45,597","45,776","45,855","45,612",,"-0,30%"
05.01.2022,"45,691","45,648","45,800","45,612",,"0,21%"
06.01.2022,"45,477","45,753","45,863","45,504",,"-0,47%"
07.01.2022,"45,426","45,532","45,616","45,408",,"-0,11%"
10.01.2022,"45,359","45,476","45,531","45,282",,"-0,15%"
11.01.2022,"45,330","45,410","45,498","45,349",,"-0,06%"
12.01.2022,"45,218","45,367","45,449","45,181",,"-0,25%"
13.01.2022,"45,373","45,274","45,461","45,205",,"0,34%"
14.01.2022,"45,312","45,421","45,481","45,307",,"-0,13%"
17.01.2022,"45,198","45,367","45,440","45,160",,"-0,25%"
18.01.2022,"45,274","45,251","45,415","45,198",,"0,17%"
19.01.2022,"45,180","45,300","45,464","45,163",,"-0,21%"
20.01.2022,"45,200","45,230","45,328","45,097",,"0,04%"
21.01.2022,"45,241","45,262","45,510","45,083",,"0,09%"
24.01.2022,"45,616","45,304","45,824","45,195",,"0,83%"
25.01.2022,"45,776","45,653","45,978","45,617",,"0,35%"
26.01.2022,"45,808","45,815","46,006","45,774",,"0,07%"
27.01.2022,"45,546","45,852","45,972","45,455",,"-0,57%"
28.01.2022,"45,746","45,596","46,027","45,525",,"0,44%"
31.01.2022,"45,800","45,831","46,036","45,770",,"0,12%"
01.02.2022,"45,645","45,833","45,915","45,628",,"-0,34%"
02.02.2022,"45,347","45,703","45,770","45,363",,"-0,65%"
03.02.2022,"45,356","45,402","45,506","45,184",,"0,02%"
04.02.2022,"45,610","45,414","45,722","45,341",,"0,56%"
07.02.2022,"45,331","45,735","45,737","45,311",,"-0,61%"
08.02.2022,"45,233","45,369","45,468","45,226",,"-0,22%"
09.02.2022,"44,883","45,276","45,340","44,879",,"-0,77%"
10.02.2022,"45,012","44,949","45,104","44,812",,"0,29%"
11.02.2022,"45,634","45,048","45,831","44,987",,"1,38%"
14.02.2022,"45,414","45,717","45,892","45,280",,"-0,48%"
15.02.2022,"44,914","45,486","45,624","44,901",,"-1,10%"
16.02.2022,"44,912","44,977","45,067","44,819",,"0,00%"
17.02.2022,"45,206","44,975","45,343","44,932",,"0,65%"
18.02.2022,"45,226","45,263","45,426","45,103",,"0,04%"
21.02.2022,"45,373","45,251","45,460","45,068",,"0,33%"
22.02.2022,"45,391","45,428","45,599","45,332",,"0,04%"
23.02.2022,"45,798","45,461","45,877","45,251",,"0,90%"
24.02.2022,"46,192","45,868","47,235","45,826",,"0,86%"
25.02.2022,"46,247","46,262","46,735","46,159",,"0,12%"
28.02.2022,"46,926","45,952","47,182","45,718",,"1,47%"
01.03.2022,"47,386","47,000","48,091","46,750",,"0,98%"
02.03.2022,"47,381","47,471","48,344","47,283",,"-0,01%"
03.03.2022,"48,041","47,428","48,233","47,382",,"1,39%"
04.03.2022,"48,805","48,129","49,043","47,933",,"1,59%"
07.03.2022,"49,736","49,005","50,076","48,586",,"1,91%"
08.03.2022,"48,622","49,826","50,058","48,556",,"-2,24%"
09.03.2022,"47,672","48,721","48,973","47,474",,"-1,95%"
10.03.2022,"47,793","47,748","48,569","47,666",,"0,25%"
11.03.2022,"47,775","47,878","48,218","47,666",,"-0,04%"
14.03.2022,"47,426","48,006","48,010","47,065",,"-0,73%"
15.03.2022,"47,049","47,471","47,666","46,923",,"-0,79%"
16.03.2022,"46,537","47,112","47,218","46,557",,"-1,09%"
17.03.2022,"46,782","46,596","47,010","46,543",,"0,53%"
18.03.2022,"47,093","46,846","47,375","46,754",,"0,66%"
21.03.2022,"46,847","47,196","47,221","46,761",,"-0,52%"
22.03.2022,"46,688","46,940","47,064","46,712",,"-0,34%"
23.03.2022,"47,146","46,764","47,294","46,727",,"0,98%"
24.03.2022,"47,647","47,187","47,757","47,041",,"1,06%"
25.03.2022,"46,742","47,722","47,807","46,789",,"-1,90%"
28.03.2022,"46,864","46,798","47,401","46,797",,"0,26%"
29.03.2022,"46,512","46,915","47,259","46,304",,"-0,75%"
30.03.2022,"46,338","46,599","46,800","46,318",,"-0,37%"
31.03.2022,"46,399","46,396","46,653","46,297",,"0,13%"
01.04.2022,"46,346","46,456","46,558","46,311",,"-0,11%"
04.04.2022,"46,167","46,410","46,521","46,133",,"-0,39%"
05.04.2022,"46,441","46,240","46,587","46,134",,"0,59%"
06.04.2022,"46,597","46,486","46,713","46,055",,"0,34%"
07.04.2022,"46,276","46,640","46,704","46,247",,"-0,69%"
08.04.2022,"46,276","46,350","46,508","46,255",,"0,00%"
11.04.2022,"46,561","46,589","46,682","46,236",,"0,62%"
12.04.2022,"46,355","46,624","46,723","46,347",,"-0,44%"
13.04.2022,"46,291","46,416","46,510","46,315",,"-0,14%"
14.04.2022,"46,340","46,374","46,592","46,294",,"0,11%"
15.04.2022,"46,174","46,403","46,480","46,213",,"-0,36%"
18.04.2022,"46,189","46,246","46,462","46,095",,"0,03%"
19.04.2022,"46,397","46,252","46,590","46,112",,"0,45%"
20.04.2022,"46,325","46,447","46,568","46,244",,"-0,16%"
21.04.2022,"46,346","46,394","46,582","46,245",,"0,05%"
22.04.2022,"46,466","46,416","46,587","46,290",,"0,26%"
25.04.2022,"46,371","46,715","46,729","46,269",,"-0,20%"
26.04.2022,"47,083","46,435","47,298","46,337",,"1,54%"
27.04.2022,"47,015","47,158","47,287","46,866",,"-0,14%"
28.04.2022,"46,845","47,080","47,144","46,658",,"-0,36%"
29.04.2022,"46,682","46,908","46,971","46,522",,"-0,35%"
02.05.2022,"46,879","46,725","47,035","46,512",,"0,42%"
03.05.2022,"46,871","46,932","47,126","46,842",,"-0,02%"
04.05.2022,"46,727","46,898","47,043","46,680",,"-0,31%"
05.05.2022,"46,936","46,698","47,013","46,476",,"0,45%"
06.05.2022,"47,073","46,994","47,209","46,732",,"0,29%"
09.05.2022,"46,848","47,147","47,242","46,769",,"-0,48%"
10.05.2022,"46,754","46,912","47,017","46,687",,"-0,20%"
11.05.2022,"46,663","46,818","46,874","46,377",,"-0,19%"
12.05.2022,"46,586","46,736","46,954","46,547",,"-0,17%"
13.05.2022,"46,777","46,662","47,003","46,574",,"0,41%"
16.05.2022,"46,530","46,789","46,896","46,473",,"-0,53%"
17.05.2022,"46,472","46,582","46,659","46,417",,"-0,12%"
18.05.2022,"46,416","46,539","46,627","46,300",,"-0,12%"
19.05.2022,"46,408","46,479","46,640","46,326",,"-0,02%"
20.05.2022,"46,221","46,477","46,535","46,193",,"-0,40%"
23.05.2022,"46,071","46,333","46,364","45,964",,"-0,32%"
24.05.2022,"45,899","46,114","46,219","45,901",,"-0,37%"
25.05.2022,"45,959","45,977","46,258","45,862",,"0,13%"
26.05.2022,"46,000","46,011","46,172","45,940",,"0,09%"
27.05.2022,"45,655","46,042","46,161","45,607",,"-0,75%"
30.05.2022,"45,770","45,720","45,907","45,587",,"0,25%"
31.05.2022,"45,784","45,844","45,928","45,633",,"0,03%"
01.06.2022,"45,843","45,837","46,017","45,740",,"0,13%"
02.06.2022,"45,713","45,877","46,014","45,697",,"-0,28%"
03.06.2022,"45,807","45,798","46,029","45,725",,"0,21%"
06.06.2022,"45,797","45,844","46,015","45,780",,"-0,02%"
07.06.2022,"45,687","45,847","45,960","45,721",,"-0,24%"
08.06.2022,"45,823","45,757","45,940","45,628",,"0,30%"
09.06.2022,"46,020","45,866","46,135","45,725",,"0,43%"
10.06.2022,"46,004","46,068","46,257","45,900",,"-0,03%"
13.06.2022,"46,440","46,039","46,708","45,995",,"0,95%"
14.06.2022,"46,556","46,519","46,688","46,369",,"0,25%"
15.06.2022,"46,556","46,600","46,926","46,476",,"0,00%"
16.06.2022,"47,189","46,605","47,490","46,575",,"1,36%"
17.06.2022,"46,726","47,277","47,342","46,727",,"-0,98%"
20.06.2022,"46,348","46,680","46,891","46,370",,"-0,81%"
21.06.2022,"46,281","46,425","46,574","46,259",,"-0,14%"
22.06.2022,"46,951","46,365","47,067","46,324",,"1,45%"
23.06.2022,"47,070","46,996","47,253","46,863",,"0,25%"
24.06.2022,"46,837","47,123","47,206","46,800",,"-0,50%"
27.06.2022,"46,791","46,917","47,152","46,722",,"-0,10%"
28.06.2022,"46,930","46,835","47,059","46,772",,"0,30%"
29.06.2022,"46,640","46,969","47,074","46,647",,"-0,62%"
30.06.2022,"46,961","46,690","47,108","46,481",,"0,69%"
01.07.2022,"46,832","46,983","47,261","46,811",,"-0,27%"
04.07.2022,"47,092","46,901","47,228","46,809",,"0,56%"
05.07.2022,"47,434","47,123","47,761","47,057",,"0,73%"
06.07.2022,"47,728","47,488","48,045","47,395",,"0,62%"
07.07.2022,"47,770","47,788","48,098","47,590",,"0,09%"
08.07.2022,"47,662","47,820","48,112","47,459",,"-0,23%"
11.07.2022,"47,972","47,684","48,200","47,664",,"0,65%"
12.07.2022,"48,144","48,030","48,547","47,976",,"0,36%"
13.07.2022,"48,257","48,196","48,579","48,031",,"0,23%"
14.07.2022,"48,138","48,314","48,493","47,985",,"-0,25%"
15.07.2022,"47,747","48,180","48,242","47,674",,"-0,81%"
18.07.2022,"47,915","47,817","48,038","47,631",,"0,35%"
19.07.2022,"47,449","47,955","48,039","47,471",,"-0,97%"
20.07.2022,"47,657","47,513","47,931","47,415",,"0,44%"
21.07.2022,"47,582","47,709","47,874","47,474",,"-0,16%"
22.07.2022,"47,325","47,638","47,851","47,347",,"-0,54%"
25.07.2022,"47,204","47,393","47,457","46,863",,"-0,26%"
26.07.2022,"47,560","47,250","47,702","47,049",,"0,75%"
27.07.2022,"47,823","47,612","48,173","47,469",,"0,55%"
28.07.2022,"47,532","47,842","48,035","47,502",,"-0,61%"
29.07.2022,"47,298","47,598","47,749","47,207",,"-0,49%"
01.08.2022,"47,151","47,345","47,554","47,066",,"-0,31%"
02.08.2022,"47,170","47,193","47,335","47,005",,"0,04%"
03.08.2022,"46,911","47,223","47,361","46,870",,"-0,55%"
04.08.2022,"47,065","46,965","47,357","46,929",,"0,33%"
05.08.2022,"47,029","47,126","47,208","46,869",,"-0,08%"
08.08.2022,"46,921","47,095","47,188","46,933",,"-0,23%"
09.08.2022,"46,956","46,990","47,144","46,936",,"0,07%"
10.08.2022,"46,714","47,011","47,262","46,673",,"-0,52%"
11.08.2022,"46,786","46,762","46,920","46,654",,"0,15%"
12.08.2022,"46,522","46,842","46,936","46,528",,"-0,56%"
15.08.2022,"46,756","46,606","46,982","46,522",,"0,50%"
16.08.2022,"46,669","46,813","47,085","46,624",,"-0,19%"
17.08.2022,"46,972","46,716","47,128","46,615",,"0,65%"
18.08.2022,"47,242","47,024","47,368","46,966",,"0,57%"
19.08.2022,"47,421","47,309","47,648","47,212",,"0,38%"
22.08.2022,"47,579","47,477","47,819","47,403",,"0,33%"
23.08.2022,"47,672","47,637","47,940","47,541",,"0,20%"
24.08.2022,"47,635","47,727","47,916","47,603",,"-0,08%"
25.08.2022,"47,329","47,708","47,759","47,354",,"-0,64%"
26.08.2022,"47,307","47,388","47,623","47,293",,"-0,05%"
29.08.2022,"47,303","47,452","47,594","47,232",,"-0,01%"
30.08.2022,"47,199","47,352","47,432","47,176",,"-0,22%"
31.08.2022,"47,223","47,243","47,425","47,131",,"0,05%"
01.09.2022,"47,112","47,237","47,325","47,043",,"-0,24%"
02.09.2022,"47,097","47,164","47,309","46,929",,"-0,03%"
05.09.2022,"47,162","47,163","47,463","46,985",,"0,14%"
06.09.2022,"47,268","47,223","47,445","47,043",,"0,22%"
07.09.2022,"47,004","47,309","47,424","47,037",,"-0,56%"
08.09.2022,"47,018","47,053","47,354","46,943",,"0,03%"
09.09.2022,"46,837","47,071","47,346","46,856",,"-0,38%"
12.09.2022,"46,870","47,113","47,218","46,873",,"0,07%"
13.09.2022,"47,167","46,919","47,269","46,628",,"0,63%"
14.09.2022,"47,127","47,220","47,396","47,090",,"-0,08%"
15.09.2022,"47,201","47,165","47,378","47,091",,"0,16%"
16.09.2022,"47,123","47,231","47,302","47,078",,"-0,17%"
19.09.2022,"46,994","47,203","47,267","47,010",,"-0,27%"
20.09.2022,"47,280","47,039","47,466","47,016",,"0,61%"
21.09.2022,"47,688","47,350","48,047","47,210",,"0,86%"
22.09.2022,"47,432","47,735","47,929","47,460",,"-0,54%"
23.09.2022,"47,543","47,510","47,737","47,276",,"0,23%"
26.09.2022,"47,517","47,584","47,793","47,253",,"-0,05%"
27.09.2022,"47,820","47,549","47,961","47,471",,"0,64%"
28.09.2022,"48,017","47,867","48,412","47,825",,"0,41%"
29.09.2022,"48,516","48,070","48,776","47,945",,"1,04%"
30.09.2022,"48,496","48,552","48,929","48,302",,"-0,04%"
